,City,Lat,Lng,Max Temp,Humidity,Cloudiness,Wind Speed,Country,Date
0,puerto ayora,-0.74,-90.35,80.6,61,20,16.11,EC,1592856963
1,butaritari,3.07,172.79,82.81,76,27,12.93,KI,1592856964
2,arraial do cabo,-22.97,-42.03,86.0,78,0,6.93,BR,1592856964
3,mar del plata,-38.0,-57.56,53.01,87,100,6.93,AR,1592856866
4,bluff,-46.6,168.33,39.0,83,1,3.0,NZ,1592856964
5,esperance,-33.87,121.9,57.2,33,75,24.16,AU,1592856964
6,san patricio,19.22,-104.7,89.6,59,20,13.87,MX,1592856964
7,bredasdorp,-34.53,20.04,50.0,93,0,3.09,ZA,1592856964
8,svetlogorsk,52.63,29.73,64.53,96,100,5.21,BY,1592856964
9,rawson,-43.3,-65.1,55.38,51,85,13.82,AR,1592856742
10,tiznit,29.58,-9.5,71.02,68,1,4.9,MA,1592856964
11,hualmay,-11.1,-77.61,66.81,70,94,8.23,PE,1592856964
12,port lincoln,-34.73,135.87,52.83,77,43,6.08,AU,1592856965
13,sao filipe,14.9,-24.5,79.79,68,1,15.43,CV,1592856965
14,bambous virieux,-20.34,57.76,71.6,78,75,5.82,MU,1592856965
15,hermanus,-34.42,19.23,48.0,96,0,1.01,ZA,1592856965
16,yellowknife,62.46,-114.35,73.99,45,20,11.41,CA,1592856851
17,chuy,-33.7,-53.46,60.21,83,81,8.1,UY,1592856965
18,cape town,-33.93,18.42,55.4,93,75,9.17,ZA,1592856965
19,hirara,24.8,125.28,83.53,87,7,12.57,JP,1592856965
20,ponta do sol,32.67,-17.1,71.6,68,40,13.87,PT,1592856965
21,tuktoyaktuk,69.45,-133.04,62.6,51,75,8.05,CA,1592856965
22,punta arenas,-53.15,-70.92,42.01,86,75,13.87,CL,1592856784
23,ilulissat,69.22,-51.1,48.2,49,100,4.7,GL,1592856733
24,santa isabel do rio negro,-0.41,-65.02,83.03,87,32,1.81,BR,1592856965
25,nioro,13.35,-15.75,85.78,56,13,14.97,GM,1592856965
26,san lorenzo,-25.33,-57.53,89.6,43,0,12.75,PY,1592856965
27,cabedelo,-6.98,-34.83,78.8,74,75,12.75,BR,1592856965
28,bengkulu,-3.8,102.27,74.88,93,100,7.43,ID,1592856965
29,alta floresta,-9.88,-56.09,85.71,52,0,4.41,BR,1592856754
30,san cristobal,7.77,-72.22,82.4,58,40,27.51,VE,1592856966
31,zarautz,43.28,-2.17,69.01,81,86,1.01,ES,1592856966
32,port elizabeth,-33.92,25.57,53.6,93,0,4.7,ZA,1592856966
33,saint-leu,-21.15,55.28,68.0,82,8,3.36,RE,1592856966
34,rikitea,-23.12,-134.97,69.44,65,72,16.42,PF,1592856967
35,east london,-33.02,27.91,64.53,68,0,4.12,ZA,1592856967
36,svetlaya,46.54,138.33,52.83,93,89,2.08,RU,1592856967
37,wewak,-3.55,143.63,79.21,80,0,3.67,PG,1592856967
38,hamilton,39.18,-84.53,87.01,61,75,9.17,US,1592856795
39,broken hill,-31.95,141.43,41.0,86,0,6.93,AU,1592856967
40,mandalgovi,45.76,106.27,64.38,28,0,11.48,MN,1592856967
41,thinadhoo,0.53,72.93,84.18,73,61,9.66,MV,1592856967
42,adrar,20.5,-10.07,104.7,7,0,9.31,MR,1592856967
43,saskylakh,71.92,114.08,69.62,54,0,4.14,RU,1592856968
44,port alfred,-33.59,26.89,60.01,74,0,5.01,ZA,1592856968
45,khatanga,71.97,102.5,68.88,49,95,3.0,RU,1592856968
46,aykhal,66.0,111.5,60.8,72,0,6.71,RU,1592856968
47,beringovskiy,63.05,179.32,55.83,47,45,6.29,RU,1592856968
48,vaini,-21.2,-175.2,75.2,94,20,6.93,TO,1592856968
49,atambua,-9.11,124.89,68.94,88,15,5.93,ID,1592856968
50,marawi,8.0,124.29,75.0,90,87,5.99,PH,1592856968
51,forio,40.73,13.86,75.99,60,9,8.01,IT,1592856969
52,poum,-20.23,164.02,71.91,76,69,8.79,NC,1592856969
53,chokurdakh,70.63,147.92,49.15,51,4,13.11,RU,1592856969
54,georgetown,5.41,100.34,78.8,100,40,4.7,MY,1592856969
55,la palma,33.85,-118.05,84.99,54,20,12.75,US,1592856969
56,atar,20.52,-13.05,104.47,9,0,16.24,MR,1592856969
57,iturama,-19.73,-50.2,76.95,46,100,4.27,BR,1592856969
58,albany,42.6,-73.97,93.0,43,1,6.82,US,1592856782
59,hendek,40.8,30.75,68.0,94,75,2.42,TR,1592856970
60,valsamata,38.17,20.6,64.99,88,89,1.99,GR,1592856970
61,canico,32.63,-16.85,71.6,68,40,13.87,PT,1592856970
62,kapaa,22.08,-159.32,80.6,69,40,12.75,US,1592856970
63,amuntai,-2.42,115.25,73.0,97,100,0.69,ID,1592856970
64,thompson,55.74,-97.86,71.6,46,75,4.7,CA,1592856970
65,avarua,-21.21,-159.78,75.2,69,11,16.11,CK,1592856834
66,benjamin hill,30.17,-111.1,97.0,41,0,5.01,MX,1592856970
67,bathsheba,13.22,-59.52,86.0,70,20,23.04,BB,1592856971
68,nanortalik,60.14,-45.24,48.78,69,0,6.8,GL,1592856971
69,mataura,-46.19,168.86,39.0,83,3,3.0,NZ,1592856971
70,hobart,-42.88,147.33,55.4,87,90,16.11,AU,1592856972
71,tucurui,-3.77,-49.67,84.61,66,22,2.59,BR,1592856876
72,torbay,47.67,-52.73,61.0,63,90,12.75,CA,1592856972
73,bethel,41.37,-73.41,91.99,43,1,4.7,US,1592856972
74,dikson,73.51,80.55,43.5,91,100,7.83,RU,1592856973
75,tiksi,71.69,128.87,41.4,77,26,2.42,RU,1592856973
76,kumluca,36.37,30.29,71.94,76,1,1.92,TR,1592856973
77,busselton,-33.65,115.33,57.99,65,43,22.32,AU,1592856973
78,dingle,11.0,122.67,77.72,87,100,4.07,PH,1592856973
79,yaan,7.38,8.57,73.85,95,99,4.52,NG,1592856973
80,birobidzhan,48.8,132.95,45.91,94,93,2.06,RU,1592856974
81,kodiak,57.79,-152.41,51.8,81,90,10.29,US,1592856974
82,hithadhoo,-0.6,73.08,84.38,71,28,9.42,MV,1592856974
83,pisco,-13.7,-76.22,66.99,77,40,9.17,PE,1592856974
84,airai,-8.93,125.41,55.4,100,53,3.76,TL,1592856974
85,tarragona,41.13,1.25,73.99,83,0,2.24,ES,1592856974
86,kununurra,-15.77,128.73,66.2,29,0,6.93,AU,1592856974
87,aklavik,68.22,-135.01,66.2,45,75,4.7,CA,1592856974
88,blagoveshchenka,52.83,79.87,55.94,67,12,8.03,RU,1592856975
89,richards bay,-28.78,32.04,62.51,79,0,6.46,ZA,1592856975
90,isangel,-19.55,169.27,75.2,88,90,9.82,VU,1592856975
91,sept-iles,50.2,-66.38,59.0,87,75,11.41,CA,1592856969
92,hilo,19.73,-155.09,82.4,51,1,3.36,US,1592856975
93,cozumel,20.51,-86.95,89.6,66,75,13.87,MX,1592856975
94,kavaratti,10.57,72.64,83.01,72,100,4.97,IN,1592856975
95,sangar,63.92,127.47,60.21,68,35,2.95,RU,1592856976
96,victoria,22.29,114.16,86.0,81,100,8.99,HK,1592856945
97,leh,34.17,77.58,57.83,33,0,3.36,IN,1592856772
98,kaitangata,-46.28,169.85,34.21,87,0,4.12,NZ,1592856976
99,castro,-24.79,-50.01,66.69,67,11,4.09,BR,1592856976
100,singkang,2.1,102.8,75.2,94,40,6.93,MY,1592856976
101,ponta delgada,37.73,-25.67,68.0,88,40,14.99,PT,1592856976
102,lamar,33.67,-95.58,91.0,55,1,8.05,US,1592856976
103,iquique,-20.22,-70.14,64.4,59,75,13.87,CL,1592856976
104,lasa,46.62,10.7,64.0,62,40,8.05,IT,1592856976
105,road town,18.42,-64.62,87.8,70,40,11.41,VG,1592856976
106,begunitsy,59.59,29.32,62.6,59,0,4.47,RU,1592856976
107,baruun-urt,46.68,113.28,56.1,92,6,1.05,MN,1592856977
108,salym,60.06,71.48,41.65,90,50,4.76,RU,1592856977
109,san pedro del pinatar,37.84,-0.79,75.2,69,0,8.05,ES,1592856977
110,ushuaia,-54.8,-68.3,35.6,80,20,4.7,AR,1592856681
111,carnarvon,-24.87,113.63,68.0,100,90,8.05,AU,1592856977
112,girne,35.34,33.32,75.2,69,20,5.82,CY,1592856978
113,cabo san lucas,22.89,-109.91,82.4,69,5,9.17,MX,1592856953
114,grand gaube,-20.01,57.66,68.0,86,0,3.0,MU,1592856978
115,inirida,3.87,-67.92,81.77,88,98,3.02,CO,1592856978
116,new norfolk,-42.78,147.06,55.0,92,100,3.0,AU,1592856978
117,esil,51.96,66.4,53.6,67,21,20.42,KZ,1592856979
118,sakakah,29.97,40.21,91.4,14,0,14.99,SA,1592856979
119,ziro,27.63,93.83,58.35,100,73,0.49,IN,1592856979
120,suntar,62.14,117.63,55.63,73,0,5.82,RU,1592856979
121,virginia beach,36.85,-75.98,90.0,66,75,10.29,US,1592856939
122,camacha,33.08,-16.33,69.8,83,75,16.11,PT,1592856979
123,mogadouro,41.34,-6.71,82.0,33,12,7.29,PT,1592856979
124,fortuna,40.6,-124.16,72.0,73,40,9.17,US,1592856979
125,leeton,-34.57,146.4,46.4,100,90,9.17,AU,1592856979
126,san jose,37.34,-121.89,88.0,39,5,2.8,US,1592856775
127,ballina,-28.87,153.57,50.0,66,0,8.05,AU,1592856980
128,lebu,-37.62,-73.65,52.14,76,100,11.97,CL,1592856980
129,norman wells,65.28,-126.83,57.2,87,75,12.75,CA,1592856980
130,la baneza,42.3,-5.9,80.6,21,48,3.36,ES,1592856980
131,saldanha,-33.01,17.94,51.8,93,54,3.36,ZA,1592856980
132,maloy,61.94,5.11,59.0,77,40,10.29,NO,1592856980
133,albania,41.0,20.0,71.6,73,40,2.24,AL,1592856980
134,kahului,20.89,-156.47,87.8,38,20,19.46,US,1592856980
135,okha,53.57,142.95,42.04,87,98,7.92,RU,1592856980
136,caibarien,22.52,-79.47,91.4,55,75,10.29,CU,1592856980
137,alihe,50.57,123.72,48.85,93,94,2.62,CN,1592856980
138,bismarck,46.81,-100.78,75.2,31,20,13.87,US,1592856847
139,keti bandar,24.14,67.45,86.2,77,0,7.23,PK,1592856980
140,kysyl-syr,63.9,122.76,60.91,66,0,2.53,RU,1592856725
141,charters towers,-20.1,146.27,53.92,46,0,9.1,AU,1592856981
142,warragul,-38.17,145.93,46.99,94,94,2.19,AU,1592856981
143,sao felix do xingu,-6.64,-51.99,84.02,54,1,5.32,BR,1592856981
144,maniitsoq,65.42,-52.9,44.33,73,0,16.22,GL,1592856981
145,padang,-0.95,100.35,76.3,88,100,8.08,ID,1592856981
146,ribeira grande,38.52,-28.7,68.0,94,75,18.34,PT,1592856981
147,hereford,52.06,-2.71,66.0,71,4,3.0,GB,1592856981
148,lubyany,56.04,51.4,50.0,76,90,2.24,RU,1592856981
149,jamestown,42.1,-79.24,72.0,83,75,13.87,US,1592856891
150,seoul,37.57,126.98,75.2,78,100,3.36,KR,1592856981
151,dmitrov,56.35,37.52,62.6,55,0,2.24,RU,1592856981
152,ibra,22.69,58.53,86.5,54,100,6.55,OM,1592856981
153,sao joaquim,-28.29,-49.93,59.59,84,1,1.32,BR,1592856981
154,narsaq,60.92,-46.05,69.8,28,10,11.41,GL,1592856982
155,grootfontein,-19.57,18.12,50.67,44,0,7.25,NA,1592856982
156,lata,40.16,-8.33,82.0,80,0,3.38,PT,1592856982
157,emerald,-23.53,148.17,44.6,75,0,4.7,AU,1592856982
158,saint-louis,16.33,-15.0,107.6,28,24,25.21,SN,1592856982
159,rampura,30.25,75.23,94.3,29,0,5.7,IN,1592856982
160,taltal,-25.4,-70.48,63.7,66,40,6.46,CL,1592856982
161,marsa matruh,31.35,27.25,71.6,73,0,5.82,EG,1592856982
162,muros,42.78,-9.06,75.99,56,0,10.0,ES,1592856982
163,vila,42.03,-8.16,78.8,69,1,2.24,PT,1592856982
164,haines junction,60.75,-137.51,56.26,39,0,8.79,CA,1592856982
165,zhigansk,66.77,123.37,66.85,55,15,1.07,RU,1592856982
166,puerto escondido,15.85,-97.07,89.6,70,40,6.93,MX,1592856983
167,naryan-mar,67.67,53.09,39.43,73,76,6.29,RU,1592856983
168,salihorsk,52.79,27.54,62.87,96,86,8.57,BY,1592856983
169,tautira,-17.73,-149.15,82.4,58,75,5.82,PF,1592856983
170,lompoc,34.64,-120.46,64.0,77,15,8.05,US,1592856983
171,canala,-21.53,165.95,60.8,87,39,2.24,NC,1592856983
172,byron bay,-28.65,153.62,50.0,66,0,8.05,AU,1592856802
173,katsuura,35.13,140.3,66.99,93,75,6.93,JP,1592856983
174,durban,-29.86,31.03,69.01,84,0,3.0,ZA,1592856935
175,tilichiki,60.47,166.1,54.66,85,93,0.65,RU,1592856983
176,codrington,-38.27,141.97,56.73,85,100,22.5,AU,1592856983
177,meulaboh,4.14,96.13,75.13,91,100,3.69,ID,1592856983
178,saint-augustin,51.23,-58.65,60.22,79,100,17.94,CA,1592856983
179,nhamunda,-2.19,-56.71,82.47,85,69,4.43,BR,1592856983
180,morros,-9.45,-46.3,84.09,42,0,6.22,BR,1592856984
181,cayenne,4.93,-52.33,75.2,94,100,26.4,GF,1592856984
182,verkhnevilyuysk,63.45,120.32,57.81,70,0,3.13,RU,1592856984
183,wagga wagga,-35.12,147.37,44.6,100,90,4.7,AU,1592856984
184,faya,18.39,42.45,78.8,12,1,11.41,SA,1592856984
185,fort nelson,58.81,-122.7,68.0,40,40,4.85,CA,1592856970
186,trier,49.76,6.64,64.0,59,1,5.82,DE,1592856984
187,yeppoon,-23.13,150.73,48.2,81,0,6.67,AU,1592856985
188,shenjiamen,29.96,122.3,73.36,96,96,7.96,CN,1592856985
189,papayal,-4.08,-80.74,83.75,46,9,9.24,PE,1592856985
190,qaanaaq,77.48,-69.36,37.74,86,94,3.33,GL,1592856986
191,tasiilaq,65.61,-37.64,51.8,57,10,9.17,GL,1592856986
192,rocha,-34.48,-54.33,58.78,82,100,8.77,UY,1592856986
193,mahebourg,-20.41,57.7,71.6,78,75,5.82,MU,1592856986
194,sidmouth,50.69,-3.24,62.6,67,19,6.93,GB,1592856986
195,talnakh,69.49,88.4,53.6,76,100,6.71,RU,1592856986
196,yulara,-25.24,130.99,39.2,80,0,3.36,AU,1592856986
197,port blair,11.67,92.75,82.26,80,20,11.74,IN,1592856986
198,javornik,50.39,17.0,62.01,65,0,4.41,CZ,1592856986
199,krasnoselkup,65.7,82.47,47.39,87,0,15.55,RU,1592856986
200,olafsvik,64.89,-23.71,47.03,81,100,3.04,IS,1592856986
201,thouars,46.98,-0.22,70.0,72,0,6.4,FR,1592856986
202,herouville-saint-clair,49.21,-0.31,66.2,68,0,4.7,FR,1592856986
203,tubize,50.69,4.21,66.99,77,0,3.78,BE,1592856987
204,shingu,33.73,135.98,65.55,77,19,5.17,JP,1592856987
205,vestmannaeyjar,63.44,-20.27,49.82,80,3,13.67,IS,1592856987
206,klaksvik,62.23,-6.59,48.2,87,100,12.75,FO,1592856987
207,geraldton,-28.77,114.6,64.4,63,75,13.87,AU,1592856987
208,san vicente,-26.62,-54.13,74.32,62,0,3.29,AR,1592856987
209,ancud,-41.87,-73.82,53.01,70,20,10.29,CL,1592856987
210,tezu,27.92,96.17,76.42,85,90,3.18,IN,1592856988
211,souillac,-20.52,57.52,71.6,78,75,5.82,MU,1592856988
212,qaqortoq,60.72,-46.03,69.8,28,31,11.41,GL,1592856988
213,pitea,65.32,21.48,68.0,72,51,3.36,SE,1592856988
214,sharjah,25.36,55.4,89.6,62,0,6.93,AE,1592856988
215,yar-sale,66.83,70.83,38.44,80,16,7.14,RU,1592856988
216,effingham,32.37,-81.33,95.0,46,40,6.93,US,1592856988
217,inhambane,-23.86,35.38,66.34,85,44,7.87,MZ,1592856988
218,derzhavinsk,51.1,66.32,55.76,73,0,20.85,KZ,1592856988
219,severo-kurilsk,50.68,156.12,47.43,82,77,8.39,RU,1592856989
220,dunedin,-45.87,170.5,44.01,73,0,8.99,NZ,1592856989
221,coihaique,-45.58,-72.07,42.8,70,90,3.36,CL,1592856989
222,rivera,-30.91,-55.55,67.96,94,81,10.4,UY,1592856989
223,leningradskiy,69.38,178.42,33.62,91,100,13.29,RU,1592856989
224,atuona,-9.8,-139.03,79.92,80,47,15.84,PF,1592856918
225,dong hoi,17.48,106.6,82.76,74,99,6.98,VN,1592856989
226,datia,25.67,78.47,90.1,49,99,6.87,IN,1592856989
227,churapcha,62.0,132.43,56.07,72,35,3.78,RU,1592856989
228,mount isa,-20.73,139.5,44.6,55,0,6.93,AU,1592856989
229,roman,46.92,26.92,63.0,100,98,3.36,RO,1592856990
230,karratha,-20.74,116.85,66.69,54,0,7.07,AU,1592856990
231,ati,13.22,18.34,93.97,24,46,6.76,TD,1592856990
232,lorengau,-2.02,147.27,82.87,71,99,2.77,PG,1592856990
233,sawakin,19.11,37.33,87.13,31,0,5.3,SD,1592856990
234,kruisfontein,-34.0,24.73,52.52,75,0,2.93,ZA,1592856990
235,omsukchan,62.53,155.8,71.44,33,53,2.33,RU,1592856990
236,vondrozo,-22.82,47.28,60.84,100,93,3.56,MG,1592856990
237,hami,42.8,93.45,70.61,20,0,10.69,CN,1592856991
238,kpandae,8.47,-0.01,77.02,82,100,7.27,GH,1592856991
239,rio verde de mato grosso,-18.92,-54.84,85.55,38,43,2.89,BR,1592856847
240,chapais,49.78,-74.85,82.4,45,20,14.99,CA,1592856991
241,nova friburgo,-22.28,-42.53,72.0,62,2,1.07,BR,1592856762
242,mantua,45.17,10.78,78.01,58,0,2.55,IT,1592856991
243,popondetta,-8.75,148.25,72.12,93,0,2.57,PG,1592856991
244,san quintin,30.48,-115.95,70.74,67,27,14.5,MX,1592856991
245,los llanos de aridane,28.66,-17.92,71.6,73,20,14.99,ES,1592856991
246,ulaangom,49.98,92.07,48.85,59,48,1.05,MN,1592856991
247,faanui,-16.48,-151.75,77.25,77,17,20.85,PF,1592856991
248,benjamin constant,-4.38,-70.03,77.0,83,75,9.17,BR,1592856992
249,ahipara,-35.17,173.17,57.25,84,7,11.01,NZ,1592856992
250,saint-philippe,-21.36,55.77,68.0,82,35,3.36,RE,1592856992
251,hasaki,35.73,140.83,63.0,100,75,8.05,JP,1592856992
252,sinnamary,5.38,-52.95,81.14,79,38,9.31,GF,1592856992
253,tulun,54.56,100.58,57.6,86,38,6.69,RU,1592856992
254,vila franca do campo,37.72,-25.43,68.0,88,40,14.99,PT,1592856992
255,longyearbyen,78.22,15.64,46.4,70,86,4.7,SJ,1592856992
256,la ronge,55.1,-105.28,73.4,31,20,9.17,CA,1592856992
257,koslan,63.46,48.9,50.38,53,88,8.28,RU,1592856993
258,maun,-19.98,23.42,59.0,33,0,6.93,BW,1592856993
259,nikolskoye,59.7,30.79,62.6,59,0,4.47,RU,1592856993
260,imeni poliny osipenko,52.42,136.49,44.58,95,97,9.46,RU,1592856993
261,upernavik,72.79,-56.15,41.27,69,36,9.44,GL,1592856993
262,anchorage,61.22,-149.9,60.8,44,1,6.93,US,1592856993
263,constitucion,-35.33,-72.42,52.09,88,100,7.78,CL,1592856993
264,pevek,69.7,170.31,31.32,97,16,19.22,RU,1592856993
265,okhotsk,59.38,143.3,46.87,87,98,7.27,RU,1592856994
266,mersing,2.43,103.84,77.0,100,100,1.12,MY,1592856994
267,tres arroyos,-38.37,-60.28,51.03,62,97,7.94,AR,1592856994
268,cockburn town,21.46,-71.14,87.8,70,40,12.75,TC,1592856994
269,gushi,34.64,109.58,72.39,74,89,1.45,CN,1592856995
270,srednekolymsk,67.45,153.68,56.57,38,0,17.6,RU,1592856995
271,coquimbo,-29.95,-71.34,55.4,87,75,9.17,CL,1592856995
272,labuhan,-6.88,112.21,77.36,85,97,5.68,ID,1592856995
273,walvis bay,-22.96,14.51,59.0,67,0,4.7,NA,1592856876
274,columbus,39.96,-83.0,86.0,58,75,10.29,US,1592856995
275,acapulco,16.86,-99.89,89.6,66,75,11.41,MX,1592856986
276,carutapera,-1.2,-46.02,80.15,89,11,6.53,BR,1592856995
277,salalah,17.02,54.09,82.4,88,75,3.36,OM,1592856906
278,cartagena,10.4,-75.51,91.4,70,40,12.75,CO,1592856930
279,okato,-39.2,173.88,48.0,79,0,8.01,NZ,1592856996
280,omboue,-1.57,9.26,73.36,85,99,8.19,GA,1592856996
281,lagoa,39.05,-27.98,66.99,91,35,21.32,PT,1592856996
282,oistins,13.07,-59.53,87.8,66,20,21.92,BB,1592856747
283,figeac,44.75,1.92,70.0,52,0,3.36,FR,1592856996
284,dingzhou,38.51,115.0,75.2,73,100,6.71,CN,1592856996
285,belaya gora,68.53,146.42,62.65,48,27,12.26,RU,1592856727
286,bonthe,7.53,-12.51,78.66,87,100,9.19,SL,1592856996
287,freeport,40.66,-73.58,89.01,48,1,12.75,US,1592856746
288,zhanjiang,21.28,110.34,81.34,89,97,7.92,CN,1592856996
289,xique-xique,-10.82,-42.73,84.0,46,28,10.54,BR,1592856996
290,banikoara,11.3,2.44,85.6,55,20,7.27,BJ,1592856997
291,portland,45.52,-122.68,80.01,43,1,8.05,US,1592856997
292,butterworth,5.4,100.36,78.8,100,40,4.7,MY,1592856997
293,seredka,58.16,28.19,62.6,72,0,4.47,RU,1592856997
294,barrow,71.29,-156.79,35.6,80,90,17.22,US,1592856997
295,serenje,-13.23,30.24,51.58,62,0,4.88,ZM,1592856997
296,arona,28.1,-16.68,73.99,69,0,18.34,ES,1592856997
297,buenos aires,-34.61,-58.38,57.99,87,75,16.11,AR,1592856997
298,otane,-39.88,176.63,46.0,95,6,1.99,NZ,1592856998
299,gigmoto,13.78,124.39,81.0,83,100,7.87,PH,1592856998
300,ambunti,-4.24,142.84,72.55,99,42,0.83,PG,1592856998
301,bahawalpur,29.4,71.68,101.39,21,0,8.5,PK,1592856999
302,grindavik,63.84,-22.43,50.0,76,75,13.87,IS,1592856999
303,malanje,-9.54,16.34,61.48,32,0,3.24,AO,1592856999
304,morgan city,29.7,-91.21,82.4,74,1,3.36,US,1592856999
305,amot,59.57,7.99,58.05,64,3,3.44,NO,1592856999
306,podyuga,61.09,40.86,52.5,67,7,5.57,RU,1592857000
307,naze,28.37,129.48,77.0,88,90,10.29,JP,1592857000
308,barkot,30.82,78.2,68.29,72,8,2.59,IN,1592857000
309,ekhabi,53.51,142.97,42.37,87,100,7.74,RU,1592857000
310,fairview,40.81,-74.0,90.0,48,1,4.7,US,1592856945
311,gidrotorf,56.47,43.54,61.0,76,3,2.42,RU,1592857000
312,pangnirtung,66.15,-65.71,42.8,75,90,9.17,CA,1592857000
313,jablah,35.36,35.93,73.4,78,40,6.93,SY,1592857001
314,uruzgan,32.83,66.0,74.3,18,0,2.19,AF,1592857001
315,jefferson city,38.58,-92.17,84.0,54,1,6.71,US,1592856921
316,sivaki,52.63,126.75,46.99,96,0,5.17,RU,1592857001
317,macomb,40.46,-90.67,82.0,74,75,5.82,US,1592857001
318,nome,64.5,-165.41,70.0,51,1,14.99,US,1592856955
319,sabang,5.89,95.32,79.29,88,87,31.38,ID,1592857001
320,lewistown,40.6,-77.57,90.0,49,20,5.82,US,1592857001
321,nouadhibou,20.93,-17.03,75.2,69,54,16.11,MR,1592856786
322,nova odesa,47.31,31.79,68.25,81,0,8.95,UA,1592857001
323,uyemskiy,64.47,40.85,53.6,93,40,4.79,RU,1592857001
324,biak,-0.91,122.88,76.62,81,35,8.03,ID,1592857001
325,umm lajj,25.02,37.27,87.91,33,0,6.76,SA,1592857001
326,baghdad,33.34,44.4,84.2,26,0,4.7,IQ,1592856944
327,luanda,-8.84,13.23,71.6,88,0,9.17,AO,1592857002
328,caravelas,-17.71,-39.25,72.54,74,4,4.56,BR,1592857002
329,ucluelet,48.93,-125.55,57.2,87,90,6.93,CA,1592856970
330,sitka,57.05,-135.33,55.4,71,90,5.82,US,1592857002
331,bambanglipuro,-7.95,110.28,75.85,87,94,7.52,ID,1592857002
332,gua musang,4.88,101.96,73.9,92,100,1.1,MY,1592857002
333,raga,8.46,25.68,73.11,86,5,5.06,SS,1592857002
334,seinajoki,62.79,22.83,64.99,63,0,2.24,FI,1592857002
335,qui nhon,13.77,109.23,80.28,78,98,3.49,VN,1592857002
336,bezhetsk,57.79,36.7,54.09,77,79,3.47,RU,1592857002
337,homer,59.64,-151.55,57.2,58,40,6.93,US,1592857003
338,makokou,0.57,12.86,71.69,87,0,2.37,GA,1592857003
339,north myrtle beach,33.82,-78.68,89.01,83,1,17.22,US,1592857003
340,coihueco,-36.62,-71.83,50.0,100,90,10.29,CL,1592857004
341,aksarka,66.56,67.8,43.03,79,89,2.3,RU,1592857004
342,tarakan,3.3,117.63,79.21,82,92,6.11,ID,1592857004
343,santa luzia,-19.77,-43.85,77.0,38,0,8.05,BR,1592857004
344,divnomorskoye,44.5,38.14,70.09,82,48,6.02,RU,1592857004
345,ordu,40.91,37.68,71.6,100,75,3.36,TR,1592857004
346,gold coast,-28.0,153.43,53.01,93,0,8.05,AU,1592856916
347,sarangani,5.4,125.46,83.84,73,39,7.43,PH,1592857004
348,puerto castilla,16.02,-85.97,83.93,80,12,31.16,HN,1592857005
349,awash,8.98,40.17,86.7,37,76,7.23,ET,1592857005
350,kargasok,59.06,80.86,55.11,95,100,7.36,RU,1592857005
351,andenes,69.31,16.12,55.4,76,5,2.24,NO,1592857005
352,narasannapeta,18.42,84.05,83.61,72,82,2.68,IN,1592857005
353,cherskiy,68.75,161.3,50.81,47,0,15.39,RU,1592857005
354,iqaluit,63.75,-68.51,46.0,70,75,4.7,CA,1592857005
355,moron,-34.65,-58.62,57.99,90,100,5.01,AR,1592857005
356,dois vizinhos,-25.73,-53.06,72.86,68,0,3.4,BR,1592857005
357,guangyuan,32.44,105.82,75.99,85,100,1.61,CN,1592857005
358,zakamensk,50.37,103.29,50.27,87,99,1.77,RU,1592857006
359,itaueira,-7.6,-43.03,83.43,42,0,4.94,BR,1592857006
360,lusambo,-4.97,23.45,72.86,53,4,1.57,CD,1592857006
361,half moon bay,37.46,-122.43,75.99,72,5,12.75,US,1592857006
362,hong gai,20.96,107.09,86.0,89,40,5.82,VN,1592857006
363,atmakur,15.88,78.58,76.17,82,100,8.16,IN,1592857006
364,bubaque,11.28,-15.83,82.09,82,78,14.67,GW,1592857006
365,tena,-0.98,-77.82,80.6,78,40,8.05,EC,1592857006
366,xapuri,-10.65,-68.5,91.85,39,52,3.51,BR,1592857006
367,gorshechnoye,51.52,38.04,63.0,96,70,11.95,RU,1592857007
368,kurchum,48.57,83.65,56.97,57,0,6.08,KZ,1592857007
369,khanewal,30.3,71.93,93.2,56,0,4.7,PK,1592857007
370,cidreira,-30.18,-50.21,64.49,91,0,6.96,BR,1592857007
371,ca mau,9.18,105.15,78.67,87,99,2.51,VN,1592857007
372,acarau,-2.89,-40.12,81.43,75,22,9.31,BR,1592856826
373,narrabri,-30.32,149.78,44.01,87,75,5.82,AU,1592857007
374,urusha,54.05,122.9,44.98,97,26,4.14,RU,1592857007
375,kavieng,-2.57,150.8,83.53,69,62,4.41,PG,1592857007
376,kenora,49.82,-94.43,60.01,93,75,4.7,CA,1592857007
377,sao gabriel da cachoeira,-0.13,-67.09,84.2,74,40,4.7,BR,1592857007
378,dalvik,65.97,-18.53,53.6,66,96,16.11,IS,1592857007
379,newcastle,-32.93,151.78,48.2,81,0,13.87,AU,1592856942
380,mpika,-11.83,31.45,54.99,58,0,3.69,ZM,1592857007
381,sibolga,1.74,98.78,76.33,85,100,1.12,ID,1592857007
382,touros,-5.2,-35.46,78.8,78,40,8.05,BR,1592857008
383,muhos,64.81,25.99,66.2,55,0,8.05,FI,1592857008
384,kuvandyk,51.48,57.36,52.81,66,0,7.67,RU,1592857008
385,nesna,66.2,13.02,63.0,87,75,9.17,NO,1592857008
386,kenai,60.55,-151.26,60.01,47,1,10.29,US,1592857008
387,sigli,5.38,95.96,78.12,78,100,8.46,ID,1592857008
388,provideniya,64.38,-173.3,64.4,59,99,8.95,RU,1592857008
389,usinsk,65.99,57.53,42.94,89,100,9.55,RU,1592857008
390,polunochnoye,60.87,60.42,44.01,71,93,2.51,RU,1592857008
391,sulangan,11.14,123.72,83.88,76,99,9.57,PH,1592857008
392,the valley,18.22,-63.06,87.8,70,20,14.99,AI,1592857008
393,three hills,51.7,-113.27,80.01,51,48,8.05,CA,1592857009
394,chimore,-16.98,-65.13,77.49,91,42,1.48,BO,1592856950
395,komsomolskiy,40.43,71.72,86.0,22,40,6.93,UZ,1592857009
396,victor harbor,-35.57,138.62,53.01,93,81,1.99,AU,1592857009
397,luderitz,-26.65,15.16,53.6,93,0,8.05,NA,1592857009
398,huilong,31.81,121.66,75.0,96,100,1.01,CN,1592857009
399,pak phanang,8.35,100.2,79.48,82,100,6.29,TH,1592857009
400,vaitape,-16.52,-151.75,78.04,75,12,20.87,PF,1592857009
401,mehamn,71.04,27.85,41.0,86,75,10.29,NO,1592857010
402,sur,22.57,59.53,83.84,78,87,14.03,OM,1592857010
403,santa rosa,14.31,121.11,84.2,79,40,1.12,PH,1592857010
404,caxito,-8.58,13.66,71.6,88,0,9.17,AO,1592857010
405,davila,18.47,120.58,82.74,75,99,2.42,PH,1592857010
406,antalaha,-14.9,50.28,69.75,81,72,7.78,MG,1592857010
407,ileza,61.05,43.9,53.83,66,82,6.62,RU,1592857010
408,tessalit,20.2,1.01,99.34,8,17,8.34,ML,1592857011
409,nueva loja,0.08,-76.88,78.8,78,75,4.7,EC,1592857011
410,nhulunbuy,-12.23,136.77,75.2,78,40,9.17,AU,1592857011
411,starkville,33.45,-88.82,73.4,100,90,3.36,US,1592856916
412,trincomalee,8.57,81.23,82.6,76,100,17.96,LK,1592857012
413,lubango,-14.92,13.49,54.14,40,0,2.77,AO,1592857012
414,elk point,42.68,-96.68,75.99,99,71,5.3,US,1592857012
415,lahij,13.17,44.58,94.24,35,92,3.29,YE,1592857012
416,montijo,38.71,-8.97,82.4,51,0,10.29,PT,1592857012
417,elko,41.0,-115.5,86.0,19,1,6.93,US,1592856961
418,wenling,28.37,121.36,77.0,100,100,0.89,CN,1592857012
419,griffith,41.53,-87.42,79.0,88,90,19.46,US,1592856915
420,gasa,31.5,34.47,77.0,78,0,6.93,PS,1592857013
421,tuatapere,-46.13,167.68,39.0,83,3,3.0,NZ,1592857013
422,wichita falls,33.91,-98.49,95.0,36,1,3.36,US,1592857013
423,kawhia,-38.07,174.82,42.01,99,0,6.76,NZ,1592857013
424,san benito,16.91,-89.91,93.63,49,44,6.2,GT,1592857013
425,tateyama,34.98,139.87,66.99,93,75,6.93,JP,1592857013
426,vestmanna,62.16,-7.17,48.2,87,100,12.75,FO,1592857013
427,taoudenni,22.68,-3.98,105.28,7,65,13.0,ML,1592857013
428,harper,4.38,-7.72,77.72,83,100,10.96,LR,1592857013
429,mesaria,36.4,25.45,73.4,69,20,14.99,GR,1592857014
430,labrea,-7.26,-64.8,90.9,49,70,2.66,BR,1592857014
431,mezen,65.85,44.24,40.37,94,0,7.11,RU,1592857014
432,bikaner,28.02,73.3,98.33,23,0,9.17,IN,1592857014
433,show low,34.25,-110.03,88.0,10,1,8.05,US,1592856917
434,zyryanka,65.75,150.85,72.63,44,19,14.29,RU,1592857014
435,kieta,-6.22,155.63,80.11,77,53,1.95,PG,1592857014
436,ratangarh,28.08,74.6,94.12,33,0,10.13,IN,1592857014
437,hervey bay,-25.3,152.85,52.0,63,0,4.0,AU,1592856975
438,marsh harbour,26.54,-77.06,83.59,71,100,10.6,BS,1592857014
439,kuala kedah,6.1,100.3,77.0,100,20,4.92,MY,1592857014
440,san rafael,-34.62,-68.33,61.79,31,24,4.88,AR,1592856988
441,kunszentmarton,46.84,20.29,71.6,68,100,11.41,HU,1592857015
442,botwood,49.15,-55.35,73.0,63,66,3.0,CA,1592857015
443,fairbanks,64.84,-147.72,52.0,100,90,8.05,US,1592857015
444,svetlyy,54.67,20.13,60.8,93,75,11.18,RU,1592857015
445,rio gallegos,-51.62,-69.22,42.8,93,90,8.05,AR,1592857015
446,cotonou,6.37,2.42,75.2,94,40,5.82,BJ,1592856995
447,brandon,27.94,-82.29,96.01,52,1,3.36,US,1592857015
448,ternate,0.8,127.4,80.35,78,42,4.21,ID,1592857015
449,roswell,34.02,-84.36,84.99,61,75,5.82,US,1592857016
450,abancay,-13.63,-72.88,69.19,39,99,6.26,PE,1592857016
451,berlevag,70.86,29.09,41.0,86,75,10.29,NO,1592857016
452,vardo,70.37,31.11,41.0,80,75,20.8,NO,1592857016
453,tunceli,39.11,39.55,64.4,45,11,2.24,TR,1592857016
454,sao raimundo nonato,-9.02,-42.7,85.03,35,0,6.82,BR,1592857016
455,ostrovnoy,68.05,39.51,41.92,79,82,16.87,RU,1592857016
456,puerto madero,14.72,-92.42,75.2,100,90,5.82,MX,1592857017
457,healdsburg,38.61,-122.87,88.0,48,1,9.17,US,1592857017
458,norden,53.6,7.2,62.6,63,0,4.7,DE,1592857017
459,lumeje,-11.55,20.78,58.3,36,0,2.39,AO,1592857017
460,comodoro rivadavia,-45.87,-67.5,51.8,57,94,14.99,AR,1592856983
461,jinka,5.65,36.65,64.08,93,100,1.05,ET,1592857017
462,salamiyah,35.01,37.05,68.38,69,0,7.18,SY,1592857017
463,port macquarie,-31.43,152.92,37.99,97,0,8.19,AU,1592856855
464,boksitogorsk,59.47,33.85,54.77,67,0,1.66,RU,1592857017
465,pimentel,-6.84,-79.93,71.6,64,48,16.11,PE,1592857017
466,kajaani,64.23,27.73,64.4,63,0,4.7,FI,1592857017
467,xichang,27.9,102.26,69.55,79,100,0.43,CN,1592857017
468,te anau,-45.42,167.72,41.22,82,62,1.48,NZ,1592857018
469,keuruu,62.27,24.7,68.0,42,11,5.82,FI,1592857018
470,lianzhou,24.78,112.38,77.52,88,100,2.71,CN,1592857018
471,chepareria,1.31,35.2,59.97,82,74,2.98,KE,1592857019
472,sao jose da coroa grande,-8.9,-35.15,77.74,82,5,10.09,BR,1592857019
473,la reforma,25.08,-108.05,100.99,40,0,8.99,MX,1592857019
474,hammerfest,70.66,23.68,41.0,93,1,9.17,NO,1592857019
475,yurga,55.72,84.89,53.42,89,11,5.3,RU,1592857019
476,saint-francois,46.42,3.91,69.8,49,13,4.7,FR,1592857019
477,bjornevatn,69.67,29.98,42.8,75,75,13.87,NO,1592857019
478,ittiri,40.59,8.57,71.6,64,0,4.7,IT,1592857019
479,kralendijk,12.15,-68.27,86.0,74,40,24.16,BQ,1592857019
480,juchitlan,20.08,-104.12,86.59,41,12,3.06,MX,1592857020
481,buraydah,26.33,43.98,87.8,23,0,9.17,SA,1592857020
482,kendal,54.33,-2.75,64.0,70,100,4.0,GB,1592857020
483,shache,38.42,77.24,76.86,16,0,6.38,CN,1592857020
484,evensk,61.95,159.23,61.84,54,90,3.04,RU,1592856726
485,manakara,-22.13,48.02,70.99,89,94,3.85,MG,1592857020
486,leticia,-4.22,-69.94,77.0,94,75,3.36,CO,1592857020
487,asilah,35.47,-6.03,86.0,25,0,24.16,MA,1592857020
488,springfield,37.22,-93.3,84.0,65,40,4.7,US,1592856753
489,vyshkov,52.48,31.69,66.2,82,75,8.95,RU,1592857020
490,kalaleh,37.38,55.49,75.2,57,0,4.7,IR,1592856846
491,raudeberg,61.99,5.14,57.99,79,96,16.37,NO,1592857020
492,ostersund,63.18,14.64,64.4,68,100,17.22,SE,1592856772
493,semporna,4.48,118.61,75.2,94,20,2.24,MY,1592857021
494,beni,0.5,29.47,62.29,99,29,0.81,CD,1592857021
495,kennewick,46.21,-119.14,84.2,21,1,1.05,US,1592856767
496,balaipungut,1.05,101.28,74.48,98,100,2.06,ID,1592857021
497,paamiut,61.99,-49.67,40.46,85,0,15.86,GL,1592857021
498,nichinan,31.6,131.37,68.92,76,0,1.95,JP,1592857021
499,magangue,9.24,-74.75,91.9,60,21,7.11,CO,1592857021
500,sai buri,6.7,101.62,77.83,85,98,3.65,TH,1592857021
501,poronaysk,49.22,143.12,46.33,97,100,4.25,RU,1592857021
502,brewster,41.4,-73.62,91.99,43,1,4.7,US,1592857022
503,palana,59.12,159.97,51.22,67,0,8.5,RU,1592857022
504,guerrero negro,27.98,-114.06,73.51,56,7,16.15,MX,1592856992
505,mbuji-mayi,-6.15,23.6,75.38,34,4,2.73,CD,1592857022
506,hobyo,5.35,48.53,79.43,75,45,27.42,SO,1592857022
507,escanaba,45.75,-87.06,73.4,69,75,3.09,US,1592856784
508,teya,60.38,92.63,52.95,62,56,1.43,RU,1592857022
509,port hardy,50.7,-127.42,55.4,93,90,11.41,CA,1592857022
510,progreso,21.28,-89.67,96.01,56,75,13.87,MX,1592857023
511,kampot,10.62,104.18,78.8,94,40,1.12,KH,1592857023
512,bayir,37.27,28.22,71.6,78,20,4.7,TR,1592857024
513,rucheng,32.39,120.56,75.99,93,100,10.42,CN,1592857024
514,clyde river,70.47,-68.59,46.4,70,1,17.22,CA,1592857025
515,kailua,21.4,-157.74,84.2,57,20,11.41,US,1592857025
516,broome,42.25,-75.83,90.0,51,40,8.05,US,1592857025
517,mocuba,-16.84,36.99,64.11,97,66,2.28,MZ,1592857025
518,santa vitoria,-18.84,-50.12,77.5,42,100,5.88,BR,1592857025
519,loubomo,-4.2,12.67,70.2,86,93,3.74,CG,1592857025
520,tangshan,39.63,118.18,73.0,63,100,4.09,CN,1592857025
521,port keats,-14.25,129.55,66.7,41,0,12.86,AU,1592857025
522,severnyy,50.68,36.55,66.2,88,75,8.95,RU,1592857025
523,luorong,24.41,109.61,79.32,87,100,4.79,CN,1592857026
524,kalmunai,7.42,81.82,83.23,75,100,1.28,LK,1592857026
525,sidi ali,36.1,0.42,80.96,36,0,11.48,DZ,1592857026
526,bone,51.97,12.14,68.0,59,29,5.3,DE,1592857026
527,kilindoni,-7.91,39.67,79.5,77,98,20.83,TZ,1592857026
528,alofi,-19.06,-169.92,77.0,88,40,3.36,NU,1592857026
529,beisfjord,68.38,17.6,68.0,64,25,8.05,NO,1592857026
530,slave lake,55.28,-114.77,62.6,67,75,3.36,CA,1592857026
531,karavayevo,55.3,37.96,60.8,77,32,1.19,RU,1592857026
532,nago,26.59,127.98,82.4,88,90,13.87,JP,1592857026
533,cortez,37.35,-108.59,93.2,10,1,10.29,US,1592856919
534,anadyr,64.75,177.48,64.4,59,67,8.95,RU,1592856844
535,phek,25.67,94.5,62.02,100,100,1.39,IN,1592857026
536,noumea,-22.28,166.46,66.99,87,31,2.24,NC,1592856775
537,general pico,-35.66,-63.76,56.61,50,100,7.87,AR,1592857026
538,kamien pomorski,53.97,14.77,64.0,72,0,5.82,PL,1592857027
539,ada,43.42,-116.13,81.0,26,1,11.41,US,1592857027
540,vila velha,-20.33,-40.29,77.0,78,0,5.82,BR,1592857027
541,hanstholm,57.12,8.62,57.0,86,0,19.42,DK,1592857027
542,dudinka,69.41,86.18,53.6,76,79,6.71,RU,1592857027
543,deputatskiy,69.3,139.9,62.98,68,60,3.65,RU,1592857027
544,jalu,29.03,21.55,77.59,35,0,12.95,LY,1592857027
545,araria,26.15,87.52,81.91,82,66,9.15,IN,1592857027
546,balancan,17.8,-91.53,90.64,66,6,12.03,MX,1592857027
547,bukama,-9.2,25.85,67.44,37,0,3.33,CD,1592857027
548,wanning,18.8,110.4,81.48,89,79,11.18,CN,1592857028
549,gawler,-34.6,138.73,54.0,92,73,5.01,AU,1592857028
550,shimoda,34.67,138.95,64.0,92,100,1.1,JP,1592857028
551,sukhumi,43.0,41.02,70.41,70,0,4.76,GE,1592857028
552,tura,25.52,90.22,74.8,96,4,6.67,IN,1592857028
553,kropotkin,45.44,40.58,68.92,76,90,3.24,RU,1592857028
554,surgut,61.25,73.42,48.2,100,40,8.95,RU,1592856805
555,preston,53.77,-2.72,66.0,82,40,13.87,GB,1592857029
556,serov,59.6,60.58,43.75,74,45,5.73,RU,1592857029
557,warwick,41.7,-71.42,84.0,65,75,8.05,US,1592856982
558,altay,47.87,88.12,49.3,49,0,4.47,CN,1592857030
559,butembo,0.15,29.28,56.84,100,46,2.04,CD,1592857030
560,akyab,20.15,92.9,82.92,85,100,9.86,MM,1592857031
561,santa maria,-29.68,-53.81,73.4,78,20,10.29,BR,1592857031
562,varnavino,57.4,45.09,50.83,73,0,1.9,RU,1592857031
563,guilford,36.07,-79.8,89.01,51,40,12.75,US,1592857031
564,san luis,-33.3,-66.34,65.95,47,6,9.84,AR,1592857031
565,cap-aux-meules,47.38,-61.86,69.8,73,5,12.75,CA,1592857031
566,sioux lookout,50.1,-91.92,64.4,77,75,11.41,CA,1592856846
567,almaznyy,48.04,40.05,73.4,69,20,6.71,RU,1592857032
568,soma,39.19,27.61,71.6,73,0,2.24,TR,1592857032
569,pouebo,-20.4,164.57,68.65,83,54,8.5,NC,1592857032
570,ilinskiy,55.62,38.12,69.01,87,15,2.24,RU,1592857032
571,nikita,44.53,34.23,62.46,88,95,2.48,UA,1592857032
572,mayor pablo lagerenza,-19.93,-60.77,89.08,37,11,13.11,PY,1592857032
573,chivay,-15.64,-71.6,58.46,28,47,9.17,PE,1592857032
574,chicama,-7.84,-79.15,72.75,59,10,10.47,PE,1592857032
575,zhangjiakou,40.81,114.88,66.27,78,100,1.23,CN,1592857032
576,hernani,43.27,-1.98,69.01,82,84,6.93,ES,1592857033
577,constantine,36.37,6.61,71.6,49,20,12.75,DZ,1592856876
578,san juan de la maguana,18.81,-71.23,89.6,66,20,11.41,DO,1592856918
